Nr,VIN,start,end,target date,正负
1,LSVUY60TXL2033780,2020/06/08,2020/06/13,2020/06/14,报警
2,LSVUZ60T0J2191233,2020/06/16,2020/06/21,2020/06/22,报警
3,LSVUZ60T0J2210945,2020/06/10,2020/06/15,2020/06/16,报警
4,LSVUZ60T0J2211867,2020/06/13,2020/06/18,2020/06/19,报警
5,LSVUZ60T0J2212498,2020/06/11,2020/06/16,2020/06/17,报警
6,LSVUZ60T0J2213795,2020/05/31,2020/06/05,2020/06/06,报警
7,LSVUZ60T0J2213795,2020/06/17,2020/06/22,2020/06/23,报警
8,LSVUZ60T0J2214848,2020/06/14,2020/06/19,2020/06/20,报警
9,LSVUZ60T0J2216910,2020/06/14,2020/06/19,2020/06/20,报警
10,LSVUZ60T0J2217040,2020/06/24,2020/06/29,2020/06/30,报警
11,LSVUZ60T0J2217507,2020/06/01,2020/06/06,2020/06/07,报警
12,LSVUZ60T0J2218897,2020/06/13,2020/06/18,2020/06/19,报警
13,LSVUZ60T0J2221251,2020/06/24,2020/06/29,2020/06/30,报警
14,LSVUZ60T0J2221475,2020/06/20,2020/06/25,2020/06/26,报警
15,LSVUZ60T0J2221735,2020/06/18,2020/06/23,2020/06/24,报警
16,LSVUZ60T0J2222593,2020/06/13,2020/06/18,2020/06/19,报警
17,LSVUZ60T0J2224442,2020/06/14,2020/06/19,2020/06/20,报警
18,LSVUZ60T0J2226241,2020/06/23,2020/06/28,2020/06/29,报警
19,LSVUZ60T0J2226448,2020/06/05,2020/06/10,2020/06/11,报警
20,LSVUZ60T0J2226448,2020/06/16,2020/06/21,2020/06/22,报警
21,LSVUZ60T0J2227437,2020/06/03,2020/06/08,2020/06/09,报警
22,LSVUZ60T0J2228605,2020/06/10,2020/06/15,2020/06/16,报警
23,LSVUZ60T0J2228958,2020/06/08,2020/06/13,2020/06/14,报警
24,LSVUZ60T0J2229009,2020/06/15,2020/06/20,2020/06/21,报警
25,LSVUZ60T0J2229074,2020/06/19,2020/06/24,2020/06/25,报警
26,LSVUZ60T0J2231505,2020/06/15,2020/06/20,2020/06/21,报警
27,LSVUZ60T0J2233240,2020/06/05,2020/06/10,2020/06/11,报警
28,LSVUZ60T0J2233240,2020/06/16,2020/06/21,2020/06/22,报警
29,LSVUZ60T0J2233254,2020/06/03,2020/06/08,2020/06/09,报警
30,LSVUZ60T0J2233402,2020/06/13,2020/06/18,2020/06/19,报警
31,LSVUZ60T0J2233593,2020/06/12,2020/06/17,2020/06/18,报警
32,LSVUZ60T0J2233822,2020/06/14,2020/06/19,2020/06/20,报警
33,LSVUZ60T0J2234954,2020/06/01,2020/06/06,2020/06/07,报警
34,LSVUZ60T0J2235084,2020/06/15,2020/06/20,2020/06/21,报警
35,LSVUZ60T0J2235392,2020/06/18,2020/06/23,2020/06/24,报警
36,LSVUZ60T0J2238227,2020/06/14,2020/06/19,2020/06/20,报警
37,LSVUZ60T0J2238387,2020/06/16,2020/06/21,2020/06/22,报警
38,LSVUZ60T0J2239376,2020/06/07,2020/06/12,2020/06/13,报警
39,LSVUZ60T0J2243346,2020/06/01,2020/06/06,2020/06/07,报警
40,LSVUZ60T0J2244089,2020/06/16,2020/06/21,2020/06/22,报警
41,LSVUZ60T0K2010018,2020/06/14,2020/06/19,2020/06/20,报警
42,LSVUZ60T0K2010066,2020/06/12,2020/06/17,2020/06/18,报警
43,LSVUZ60T0K2010195,2020/06/23,2020/06/28,2020/06/29,报警
44,LSVUZ60T0K2014750,2020/06/04,2020/06/09,2020/06/10,报警
45,LSVUZ60T0K2015185,2020/06/20,2020/06/25,2020/06/26,报警
46,LSVUZ60T0K2015610,2020/06/05,2020/06/10,2020/06/11,报警
47,LSVUZ60T0K2015705,2020/06/03,2020/06/08,2020/06/09,报警
48,LSVUZ60T0K2016515,2020/06/09,2020/06/14,2020/06/15,报警
49,LSVUZ60T0K2016515,2020/06/20,2020/06/25,2020/06/26,报警
50,LSVUZ60T0K2019298,2020/06/21,2020/06/26,2020/06/27,报警
51,LSVUZ60T0K2019480,2020/06/12,2020/06/17,2020/06/18,报警
52,LSVUZ60T0K2022881,2020/06/18,2020/06/23,2020/06/24,报警
53,LSVUZ60T0K2025487,2020/06/01,2020/06/06,2020/06/07,报警
54,LSVUZ60T1J2179379,2020/06/02,2020/06/07,2020/06/08,报警
55,LSVUZ60T1J2183951,2020/06/06,2020/06/11,2020/06/12,报警
56,LSVUZ60T1J2188177,2020/06/17,2020/06/22,2020/06/23,报警
57,LSVUZ60T1J2195632,2020/06/22,2020/06/27,2020/06/28,报警
58,LSVUZ60T1J2197767,2020/06/03,2020/06/08,2020/06/09,报警
59,LSVUZ60T1J2200487,2020/06/14,2020/06/19,2020/06/20,报警
60,LSVUZ60T1J2200487,2020/06/22,2020/06/27,2020/06/28,报警
61,LSVUZ60T1J2200974,2020/06/15,2020/06/20,2020/06/21,报警
62,LSVUZ60T1J2203048,2020/06/10,2020/06/15,2020/06/16,报警
63,LSVUZ60T1J2210386,2020/06/20,2020/06/25,2020/06/26,报警
64,LSVUZ60T1J2210632,2020/06/09,2020/06/14,2020/06/15,报警
65,LSVUZ60T1J2213000,2020/06/11,2020/06/16,2020/06/17,报警
66,LSVUZ60T1J2213949,2020/06/20,2020/06/25,2020/06/26,报警
67,LSVUZ60T1J2214552,2020/06/22,2020/06/27,2020/06/28,报警
68,LSVUZ60T1J2217015,2020/06/01,2020/06/06,2020/06/07,报警
69,LSVUZ60T1J2219475,2020/06/05,2020/06/10,2020/06/11,报警
70,LSVUZ60T1J2219993,2020/06/08,2020/06/13,2020/06/14,报警
71,LSVUZ60T1J2220027,2020/06/17,2020/06/22,2020/06/23,报警
72,LSVUZ60T1J2220125,2020/06/09,2020/06/14,2020/06/15,报警
73,LSVUZ60T1J2220237,2020/06/04,2020/06/09,2020/06/10,报警
74,LSVUZ60T1J2220271,2020/06/22,2020/06/27,2020/06/28,报警
75,LSVUZ60T1J2220626,2020/06/14,2020/06/19,2020/06/20,报警
76,LSVUZ60T1J2220870,2020/06/19,2020/06/24,2020/06/25,报警
77,LSVUZ60T1J2221145,2020/06/14,2020/06/19,2020/06/20,报警
78,LSVUZ60T1J2223493,2020/06/06,2020/06/11,2020/06/12,报警
79,LSVUZ60T1J2225468,2020/06/03,2020/06/08,2020/06/09,报警
80,LSVUZ60T1J2227091,2020/06/24,2020/06/29,2020/06/30,报警
81,LSVUZ60T1J2228225,2020/06/21,2020/06/26,2020/06/27,报警
82,LSVUZ60T1J2228936,2020/06/17,2020/06/22,2020/06/23,报警
83,LSVUZ60T1J2228967,2020/06/15,2020/06/20,2020/06/21,报警
84,LSVUZ60T1J2229276,2020/06/18,2020/06/23,2020/06/24,报警
85,LSVUZ60T1J2230539,2020/06/24,2020/06/29,2020/06/30,报警
86,LSVUZ60T1J2231335,2020/06/09,2020/06/14,2020/06/15,报警
87,LSVUZ60T1J2231755,2020/06/09,2020/06/14,2020/06/15,报警
88,LSVUZ60T1J2232386,2020/06/14,2020/06/19,2020/06/20,报警
89,LSVUZ60T1J2232713,2020/06/11,2020/06/16,2020/06/17,报警
90,LSVUZ60T1J2232873,2020/06/24,2020/06/29,2020/06/30,报警
91,LSVUZ60T1J2234364,2020/06/06,2020/06/11,2020/06/12,报警
92,LSVUZ60T1J2235692,2020/06/24,2020/06/29,2020/06/30,报警
93,LSVUZ60T1J2235997,2020/06/03,2020/06/08,2020/06/09,报警
94,LSVUZ60T1J2236650,2020/06/07,2020/06/12,2020/06/13,报警
95,LSVUZ60T1J2237331,2020/06/20,2020/06/25,2020/06/26,报警
96,LSVUZ60T1J2237460,2020/06/05,2020/06/10,2020/06/11,报警
97,LSVUZ60T1J2237829,2020/06/06,2020/06/11,2020/06/12,报警
98,LSVUZ60T1J2238544,2020/06/01,2020/06/06,2020/06/07,报警
99,LSVUZ60T1J2238611,2020/06/12,2020/06/17,2020/06/18,报警
100,LSVUZ60T1J2238690,2020/06/10,2020/06/15,2020/06/16,报警
101,LSVUZ60T1J2238690,2020/06/19,2020/06/24,2020/06/25,报警
102,LSVUZ60T1J2239466,2020/06/18,2020/06/23,2020/06/24,报警
103,LSVUZ60T1J2240410,2020/06/10,2020/06/15,2020/06/16,报警
104,LSVUZ60T1J2240410,2020/06/12,2020/06/17,2020/06/18,报警
105,LSVUZ60T1J2243114,2020/06/16,2020/06/21,2020/06/22,报警
106,LSVUZ60T1K2013199,2020/06/24,2020/06/29,2020/06/30,报警
107,LSVUZ60T1K2014613,2020/06/23,2020/06/28,2020/06/29,报警
108,LSVUZ60T1K2015261,2020/06/15,2020/06/20,2020/06/21,报警
109,LSVUZ60T1K2016135,2020/06/24,2020/06/29,2020/06/30,报警
110,LSVUZ60T1K2020816,2020/06/23,2020/06/28,2020/06/29,报警
111,LSVUZ60T2J2186910,2020/06/20,2020/06/25,2020/06/26,报警
112,LSVUZ60T2J2187197,2020/06/01,2020/06/06,2020/06/07,报警
113,LSVUZ60T2J2198118,2020/06/21,2020/06/26,2020/06/27,报警
114,LSVUZ60T2J2199706,2020/06/22,2020/06/27,2020/06/28,报警
115,LSVUZ60T2J2200322,2020/06/11,2020/06/16,2020/06/17,报警
116,LSVUZ60T2J2201325,2020/06/19,2020/06/24,2020/06/25,报警
117,LSVUZ60T2J2201423,2020/06/17,2020/06/22,2020/06/23,报警
118,LSVUZ60T2J2209909,2020/06/04,2020/06/09,2020/06/10,报警
119,LSVUZ60T2J2209909,2020/06/14,2020/06/19,2020/06/20,报警
120,LSVUZ60T2J2211420,2020/06/19,2020/06/24,2020/06/25,报警
121,LSVUZ60T2J2212471,2020/06/15,2020/06/20,2020/06/21,报警
122,LSVUZ60T2J2212535,2020/06/05,2020/06/10,2020/06/11,报警
123,LSVUZ60T2J2213118,2020/06/22,2020/06/27,2020/06/28,报警
124,LSVUZ60T2J2213555,2020/06/03,2020/06/08,2020/06/09,报警
125,LSVUZ60T2J2213698,2020/06/21,2020/06/26,2020/06/27,报警
126,LSVUZ60T2J2213846,2020/06/18,2020/06/23,2020/06/24,报警
127,LSVUZ60T2J2213846,2020/06/19,2020/06/24,2020/06/25,报警
128,LSVUZ60T2J2215712,2020/06/04,2020/06/09,2020/06/10,报警
129,LSVUZ60T2J2216519,2020/06/04,2020/06/09,2020/06/10,报警
130,LSVUZ60T2J2218383,2020/06/03,2020/06/08,2020/06/09,报警
131,LSVUZ60T2J2218383,2020/06/05,2020/06/10,2020/06/11,报警
132,LSVUZ60T2J2219470,2020/06/10,2020/06/15,2020/06/16,报警
133,LSVUZ60T2J2219551,2020/06/22,2020/06/27,2020/06/28,报警
134,LSVUZ60T2J2221588,2020/06/19,2020/06/24,2020/06/25,报警
135,LSVUZ60T2J2221588,2020/06/22,2020/06/27,2020/06/28,报警
136,LSVUZ60T2J2221610,2020/06/01,2020/06/06,2020/06/07,报警
137,LSVUZ60T2J2222398,2020/06/19,2020/06/24,2020/06/25,报警
138,LSVUZ60T2J2224717,2020/06/08,2020/06/13,2020/06/14,报警
139,LSVUZ60T2J2224829,2020/06/12,2020/06/17,2020/06/18,报警
140,LSVUZ60T2J2225026,2020/06/06,2020/06/11,2020/06/12,报警
141,LSVUZ60T2J2225737,2020/06/06,2020/06/11,2020/06/12,报警
142,LSVUZ60T2J2225852,2020/06/01,2020/06/06,2020/06/07,报警
143,LSVUZ60T2J2226340,2020/06/12,2020/06/17,2020/06/18,报警
144,LSVUZ60T2J2227018,2020/06/19,2020/06/24,2020/06/25,报警
145,LSVUZ60T2J2228105,2020/06/09,2020/06/14,2020/06/15,报警
146,LSVUZ60T2J2228458,2020/06/16,2020/06/21,2020/06/22,报警
147,LSVUZ60T2J2229349,2020/06/06,2020/06/11,2020/06/12,报警
148,LSVUZ60T2J2231280,2020/06/18,2020/06/23,2020/06/24,报警
149,LSVUZ60T2J2231974,2020/06/03,2020/06/08,2020/06/09,报警
150,LSVUZ60T2J2232428,2020/06/14,2020/06/19,2020/06/20,报警
151,LSVUZ60T2J2232428,2020/06/16,2020/06/21,2020/06/22,报警
152,LSVUZ60T2J2234227,2020/06/20,2020/06/25,2020/06/26,报警
153,LSVUZ60T2J2234454,2020/06/24,2020/06/29,2020/06/30,报警
154,LSVUZ60T2J2234941,2020/06/19,2020/06/24,2020/06/25,报警
155,LSVUZ60T2J2234986,2020/06/10,2020/06/15,2020/06/16,报警
156,LSVUZ60T2J2235295,2020/06/10,2020/06/15,2020/06/16,报警
157,LSVUZ60T2J2235295,2020/06/23,2020/06/28,2020/06/29,报警
158,LSVUZ60T2J2235992,2020/06/18,2020/06/23,2020/06/24,报警
159,LSVUZ60T2J2236303,2020/06/17,2020/06/22,2020/06/23,报警
160,LSVUZ60T2J2236947,2020/06/08,2020/06/13,2020/06/14,报警
161,LSVUZ60T2J2237497,2020/06/24,2020/06/29,2020/06/30,报警
162,LSVUZ60T2J2237905,2020/06/17,2020/06/22,2020/06/23,报警
163,LSVUZ60T2J2238049,2020/06/24,2020/06/29,2020/06/30,报警
164,LSVUZ60T2J2238326,2020/06/11,2020/06/16,2020/06/17,报警
165,LSVUZ60T2J2238925,2020/06/03,2020/06/08,2020/06/09,报警
166,LSVUZ60T2J2239007,2020/06/14,2020/06/19,2020/06/20,报警
167,LSVUZ60T2J2240948,2020/06/04,2020/06/09,2020/06/10,报警
168,LSVUZ60T2J2241582,2020/06/04,2020/06/09,2020/06/10,报警
169,LSVUZ60T2J2243249,2020/06/13,2020/06/18,2020/06/19,报警
170,LSVUZ60T2J2243252,2020/06/06,2020/06/11,2020/06/12,报警
171,LSVUZ60T2K2012031,2020/06/16,2020/06/21,2020/06/22,报警
172,LSVUZ60T2K2012224,2020/06/11,2020/06/16,2020/06/17,报警
173,LSVUZ60T2K2014717,2020/06/24,2020/06/29,2020/06/30,报警
174,LSVUZ60T2K2016936,2020/06/11,2020/06/16,2020/06/17,报警
175,LSVUZ60T2K2017701,2020/06/02,2020/06/07,2020/06/08,报警
176,LSVUZ60T2K2017925,2020/06/01,2020/06/06,2020/06/07,报警
177,LSVUZ60T2K2018279,2020/06/10,2020/06/15,2020/06/16,报警
178,LSVUZ60T2K2020078,2020/06/06,2020/06/11,2020/06/12,报警
179,LSVUZ60T2K2021165,2020/06/22,2020/06/27,2020/06/28,报警
180,LSVUZ60T3J2188083,2020/06/03,2020/06/08,2020/06/09,报警
181,LSVUZ60T3J2191324,2020/06/14,2020/06/19,2020/06/20,报警
182,LSVUZ60T3J2195566,2020/06/09,2020/06/14,2020/06/15,报警
183,LSVUZ60T3J2201849,2020/06/17,2020/06/22,2020/06/23,报警
184,LSVUZ60T3J2203150,2020/06/04,2020/06/09,2020/06/10,报警
185,LSVUZ60T3J2211104,2020/06/22,2020/06/27,2020/06/28,报警
186,LSVUZ60T3J2212561,2020/06/23,2020/06/28,2020/06/29,报警
187,LSVUZ60T3J2213466,2020/06/20,2020/06/25,2020/06/26,报警
188,LSVUZ60T3J2215119,2020/06/12,2020/06/17,2020/06/18,报警
189,LSVUZ60T3J2216691,2020/06/16,2020/06/21,2020/06/22,报警
190,LSVUZ60T3J2221244,2020/06/15,2020/06/20,2020/06/21,报警
191,LSVUZ60T3J2221485,2020/06/18,2020/06/23,2020/06/24,报警
192,LSVUZ60T3J2221616,2020/06/22,2020/06/27,2020/06/28,报警
193,LSVUZ60T3J2226279,2020/06/22,2020/06/27,2020/06/28,报警
194,LSVUZ60T3J2228064,2020/06/08,2020/06/13,2020/06/14,报警
195,LSVUZ60T3J2229148,2020/06/07,2020/06/12,2020/06/13,报警
196,LSVUZ60T3J2229845,2020/06/18,2020/06/23,2020/06/24,报警
197,LSVUZ60T3J2230252,2020/06/24,2020/06/29,2020/06/30,报警
198,LSVUZ60T3J2231000,2020/06/22,2020/06/27,2020/06/28,报警
199,LSVUZ60T3J2231076,2020/06/10,2020/06/15,2020/06/16,报警
200,LSVUZ60T3J2231577,2020/06/19,2020/06/24,2020/06/25,报警
201,LSVUZ60T3J2232521,2020/06/19,2020/06/24,2020/06/25,报警
202,LSVUZ60T3J2234737,2020/06/18,2020/06/23,2020/06/24,报警
203,LSVUZ60T3J2235225,2020/06/02,2020/06/07,2020/06/08,报警
204,LSVUZ60T3J2236942,2020/06/13,2020/06/18,2020/06/19,报警
205,LSVUZ60T3J2237086,2020/06/20,2020/06/25,2020/06/26,报警
206,LSVUZ60T3J2237167,2020/06/16,2020/06/21,2020/06/22,报警
207,LSVUZ60T3J2237167,2020/06/19,2020/06/24,2020/06/25,报警
208,LSVUZ60T3J2237413,2020/06/01,2020/06/06,2020/06/07,报警
209,LSVUZ60T3J2237623,2020/06/06,2020/06/11,2020/06/12,报警
210,LSVUZ60T3J2237850,2020/06/16,2020/06/21,2020/06/22,报警
211,LSVUZ60T3J2238304,2020/06/18,2020/06/23,2020/06/24,报警
212,LSVUZ60T3J2238304,2020/06/24,2020/06/29,2020/06/30,报警
213,LSVUZ60T3J2238433,2020/06/07,2020/06/12,2020/06/13,报警
214,LSVUZ60T3J2239968,2020/06/17,2020/06/22,2020/06/23,报警
215,LSVUZ60T3K2010417,2020/06/08,2020/06/13,2020/06/14,报警
216,LSVUZ60T3K2011258,2020/06/16,2020/06/21,2020/06/22,报警
217,LSVUZ60T3K2013494,2020/06/07,2020/06/12,2020/06/13,报警
218,LSVUZ60T3K2016623,2020/06/19,2020/06/24,2020/06/25,报警
219,LSVUZ60T3K2017030,2020/06/09,2020/06/14,2020/06/15,报警
220,LSVUZ60T3K2018906,2020/06/23,2020/06/28,2020/06/29,报警
221,LSVUZ60T3K2019912,2020/06/19,2020/06/24,2020/06/25,报警
222,LSVUZ60T3K2021207,2020/06/13,2020/06/18,2020/06/19,报警
223,LSVUZ60T3K2133392,2020/06/16,2020/06/21,2020/06/22,报警
224,LSVUZ60T4J2186553,2020/06/11,2020/06/16,2020/06/17,报警
225,LSVUZ60T4J2188917,2020/06/02,2020/06/07,2020/06/08,报警
226,LSVUZ60T4J2193583,2020/06/17,2020/06/22,2020/06/23,报警
227,LSVUZ60T4J2200645,2020/06/15,2020/06/20,2020/06/21,报警
228,LSVUZ60T4J2201116,2020/06/21,2020/06/26,2020/06/27,报警
229,LSVUZ60T4J2201133,2020/06/05,2020/06/10,2020/06/11,报警
230,LSVUZ60T4J2202573,2020/06/21,2020/06/26,2020/06/27,报警
231,LSVUZ60T4J2203366,2020/06/06,2020/06/11,2020/06/12,报警
232,LSVUZ60T4J2205893,2020/06/21,2020/06/26,2020/06/27,报警
233,LSVUZ60T4J2209121,2020/06/10,2020/06/15,2020/06/16,报警
234,LSVUZ60T4J2209569,2020/06/06,2020/06/11,2020/06/12,报警
235,LSVUZ60T4J2210303,2020/06/13,2020/06/18,2020/06/19,报警
236,LSVUZ60T4J2211712,2020/06/17,2020/06/22,2020/06/23,报警
237,LSVUZ60T4J2213458,2020/06/10,2020/06/15,2020/06/16,报警
238,LSVUZ60T4J2213850,2020/06/11,2020/06/16,2020/06/17,报警
239,LSVUZ60T4J2214397,2020/06/04,2020/06/09,2020/06/10,报警
240,LSVUZ60T4J2214495,2020/06/10,2020/06/15,2020/06/16,报警
241,LSVUZ60T4J2216392,2020/06/10,2020/06/15,2020/06/16,报警
242,LSVUZ60T4J2217400,2020/06/19,2020/06/24,2020/06/25,报警
243,LSVUZ60T4J2217414,2020/06/08,2020/06/13,2020/06/14,报警
244,LSVUZ60T4J2218000,2020/06/05,2020/06/10,2020/06/11,报警
245,LSVUZ60T4J2218000,2020/06/19,2020/06/24,2020/06/25,报警
246,LSVUZ60T4J2219292,2020/06/24,2020/06/29,2020/06/30,报警
247,LSVUZ60T4J2220331,2020/06/24,2020/06/29,2020/06/30,报警
248,LSVUZ60T4J2220846,2020/06/20,2020/06/25,2020/06/26,报警
249,LSVUZ60T4J2221432,2020/06/01,2020/06/06,2020/06/07,报警
250,LSVUZ60T4J2222175,2020/06/05,2020/06/10,2020/06/11,报警
251,LSVUZ60T4J2222175,2020/06/13,2020/06/18,2020/06/19,报警
252,LSVUZ60T4J2222452,2020/06/03,2020/06/08,2020/06/09,报警
253,LSVUZ60T4J2222452,2020/06/11,2020/06/16,2020/06/17,报警
254,LSVUZ60T4J2224038,2020/06/12,2020/06/17,2020/06/18,报警
255,LSVUZ60T4J2224122,2020/06/14,2020/06/19,2020/06/20,报警
256,LSVUZ60T4J2224914,2020/06/03,2020/06/08,2020/06/09,报警
257,LSVUZ60T4J2224914,2020/06/09,2020/06/14,2020/06/15,报警
258,LSVUZ60T4J2225481,2020/06/12,2020/06/17,2020/06/18,报警
259,LSVUZ60T4J2225660,2020/06/14,2020/06/19,2020/06/20,报警
260,LSVUZ60T4J2227201,2020/06/13,2020/06/18,2020/06/19,报警
261,LSVUZ60T4J2227375,2020/06/12,2020/06/17,2020/06/18,报警
262,LSVUZ60T4J2228090,2020/06/22,2020/06/27,2020/06/28,报警
263,LSVUZ60T4J2228526,2020/06/16,2020/06/21,2020/06/22,报警
264,LSVUZ60T4J2228848,2020/06/01,2020/06/06,2020/06/07,报警
265,LSVUZ60T4J2228980,2020/06/06,2020/06/11,2020/06/12,报警
266,LSVUZ60T4J2230325,2020/06/18,2020/06/23,2020/06/24,报警
267,LSVUZ60T4J2232186,2020/06/17,2020/06/22,2020/06/23,报警
268,LSVUZ60T4J2232706,2020/06/19,2020/06/24,2020/06/25,报警
269,LSVUZ60T4J2233791,2020/06/11,2020/06/16,2020/06/17,报警
270,LSVUZ60T4J2234701,2020/06/10,2020/06/15,2020/06/16,报警
271,LSVUZ60T4J2236027,2020/06/23,2020/06/28,2020/06/29,报警
272,LSVUZ60T4J2236559,2020/06/04,2020/06/09,2020/06/10,报警
273,LSVUZ60T4J2236948,2020/06/13,2020/06/18,2020/06/19,报警
274,LSVUZ60T4J2236965,2020/06/18,2020/06/23,2020/06/24,报警
275,LSVUZ60T4J2237002,2020/06/04,2020/06/09,2020/06/10,报警
276,LSVUZ60T4J2237050,2020/06/20,2020/06/25,2020/06/26,报警
277,LSVUZ60T4J2237310,2020/06/18,2020/06/23,2020/06/24,报警
278,LSVUZ60T4J2237372,2020/06/04,2020/06/09,2020/06/10,报警
279,LSVUZ60T4J2238103,2020/06/12,2020/06/17,2020/06/18,报警
280,LSVUZ60T4J2238134,2020/06/10,2020/06/15,2020/06/16,报警
281,LSVUZ60T4J2238134,2020/06/23,2020/06/28,2020/06/29,报警
282,LSVUZ60T4J2240045,2020/06/09,2020/06/14,2020/06/15,报警
283,LSVUZ60T4J2240045,2020/06/16,2020/06/21,2020/06/22,报警
284,LSVUZ60T4J2241843,2020/06/20,2020/06/25,2020/06/26,报警
285,LSVUZ60T4J2243009,2020/06/08,2020/06/13,2020/06/14,报警
286,LSVUZ60T4J2243396,2020/06/06,2020/06/11,2020/06/12,报警
287,LSVUZ60T4J2244113,2020/06/03,2020/06/08,2020/06/09,报警
288,LSVUZ60T4J2244158,2020/06/07,2020/06/12,2020/06/13,报警
289,LSVUZ60T4K2010006,2020/06/18,2020/06/23,2020/06/24,报警
290,LSVUZ60T4K2011480,2020/06/05,2020/06/10,2020/06/11,报警
291,LSVUZ60T4K2012452,2020/06/18,2020/06/23,2020/06/24,报警
292,LSVUZ60T4K2018171,2020/06/18,2020/06/23,2020/06/24,报警
293,LSVUZ60T4K2020664,2020/06/12,2020/06/17,2020/06/18,报警
294,LSVUZ60T4K2022575,2020/06/03,2020/06/08,2020/06/09,报警
295,LSVUZ60T5J2182592,2020/06/01,2020/06/06,2020/06/07,报警
296,LSVUZ60T5J2187212,2020/06/18,2020/06/23,2020/06/24,报警
297,LSVUZ60T5J2190434,2020/06/03,2020/06/08,2020/06/09,报警
298,LSVUZ60T5J2193026,2020/06/01,2020/06/06,2020/06/07,报警
299,LSVUZ60T5J2193026,2020/06/09,2020/06/14,2020/06/15,报警
300,LSVUZ60T5J2193530,2020/06/04,2020/06/09,2020/06/10,报警
301,LSVUZ60T5J2197514,2020/06/06,2020/06/11,2020/06/12,报警
302,LSVUZ60T5J2198033,2020/06/18,2020/06/23,2020/06/24,报警
303,LSVUZ60T5J2203716,2020/06/12,2020/06/17,2020/06/18,报警
304,LSVUZ60T5J2208902,2020/06/05,2020/06/10,2020/06/11,报警
305,LSVUZ60T5J2209984,2020/06/10,2020/06/15,2020/06/16,报警
306,LSVUZ60T5J2210391,2020/06/13,2020/06/18,2020/06/19,报警
307,LSVUZ60T5J2210827,2020/06/04,2020/06/09,2020/06/10,报警
308,LSVUZ60T5J2210908,2020/06/06,2020/06/11,2020/06/12,报警
309,LSVUZ60T5J2210908,2020/06/17,2020/06/22,2020/06/23,报警
310,LSVUZ60T5J2211444,2020/06/09,2020/06/14,2020/06/15,报警
311,LSVUZ60T5J2211685,2020/06/04,2020/06/09,2020/06/10,报警
312,LSVUZ60T5J2211718,2020/06/16,2020/06/21,2020/06/22,报警
313,LSVUZ60T5J2211847,2020/06/06,2020/06/11,2020/06/12,报警
314,LSVUZ60T5J2211864,2020/06/13,2020/06/18,2020/06/19,报警
315,LSVUZ60T5J2212657,2020/06/07,2020/06/12,2020/06/13,报警
316,LSVUZ60T5J2214876,2020/06/07,2020/06/12,2020/06/13,报警
317,LSVUZ60T5J2215607,2020/06/13,2020/06/18,2020/06/19,报警
318,LSVUZ60T5J2217017,2020/06/17,2020/06/22,2020/06/23,报警
319,LSVUZ60T5J2217437,2020/06/14,2020/06/19,2020/06/20,报警
320,LSVUZ60T5J2218040,2020/06/03,2020/06/08,2020/06/09,报警
321,LSVUZ60T5J2218815,2020/06/02,2020/06/07,2020/06/08,报警
322,LSVUZ60T5J2220208,2020/06/01,2020/06/06,2020/06/07,报警
323,LSVUZ60T5J2220208,2020/06/05,2020/06/10,2020/06/11,报警
324,LSVUZ60T5J2224288,2020/06/03,2020/06/08,2020/06/09,报警
325,LSVUZ60T5J2224288,2020/06/10,2020/06/15,2020/06/16,报警
326,LSVUZ60T5J2224288,2020/06/16,2020/06/21,2020/06/22,报警
327,LSVUZ60T5J2224436,2020/06/14,2020/06/19,2020/06/20,报警
328,LSVUZ60T5J2224453,2020/06/20,2020/06/25,2020/06/26,报警
329,LSVUZ60T5J2224727,2020/06/17,2020/06/22,2020/06/23,报警
330,LSVUZ60T5J2224811,2020/06/21,2020/06/26,2020/06/27,报警
331,LSVUZ60T5J2224856,2020/06/13,2020/06/18,2020/06/19,报警
332,LSVUZ60T5J2226106,2020/06/20,2020/06/25,2020/06/26,报警
333,LSVUZ60T5J2226302,2020/06/22,2020/06/27,2020/06/28,报警
334,LSVUZ60T5J2227921,2020/06/11,2020/06/16,2020/06/17,报警
335,LSVUZ60T5J2228423,2020/06/19,2020/06/24,2020/06/25,报警
336,LSVUZ60T5J2228454,2020/06/12,2020/06/17,2020/06/18,报警
337,LSVUZ60T5J2228454,2020/06/19,2020/06/24,2020/06/25,报警
338,LSVUZ60T5J2228986,2020/06/16,2020/06/21,2020/06/22,报警
339,LSVUZ60T5J2230673,2020/06/05,2020/06/10,2020/06/11,报警
340,LSVUZ60T5J2230673,2020/06/12,2020/06/17,2020/06/18,报警
341,LSVUZ60T5J2232150,2020/06/03,2020/06/08,2020/06/09,报警
342,LSVUZ60T5J2232438,2020/06/22,2020/06/27,2020/06/28,报警
343,LSVUZ60T5J2232942,2020/06/17,2020/06/22,2020/06/23,报警
344,LSVUZ60T5J2233718,2020/06/07,2020/06/12,2020/06/13,报警
345,LSVUZ60T5J2234755,2020/06/15,2020/06/20,2020/06/21,报警
346,LSVUZ60T5J2235212,2020/06/07,2020/06/12,2020/06/13,报警
347,LSVUZ60T5J2236084,2020/06/04,2020/06/09,2020/06/10,报警
348,LSVUZ60T5J2237025,2020/06/13,2020/06/18,2020/06/19,报警
349,LSVUZ60T5J2237445,2020/06/04,2020/06/09,2020/06/10,报警
350,LSVUZ60T5J2238076,2020/06/10,2020/06/15,2020/06/16,报警
351,LSVUZ60T5J2238076,2020/06/13,2020/06/18,2020/06/19,报警
352,LSVUZ60T5J2238076,2020/06/17,2020/06/22,2020/06/23,报警
353,LSVUZ60T5J2238353,2020/06/07,2020/06/12,2020/06/13,报警
354,LSVUZ60T5J2238353,2020/06/15,2020/06/20,2020/06/21,报警
355,LSVUZ60T5J2238496,2020/06/24,2020/06/29,2020/06/30,报警
356,LSVUZ60T5J2238790,2020/06/02,2020/06/07,2020/06/08,报警
357,LSVUZ60T5J2240278,2020/06/07,2020/06/12,2020/06/13,报警
358,LSVUZ60T5J2241849,2020/06/17,2020/06/22,2020/06/23,报警
359,LSVUZ60T5J2243066,2020/06/13,2020/06/18,2020/06/19,报警
360,LSVUZ60T5J2245044,2020/06/07,2020/06/12,2020/06/13,报警
361,LSVUZ60T5K2011486,2020/06/22,2020/06/27,2020/06/28,报警
362,LSVUZ60T5K2013948,2020/06/22,2020/06/27,2020/06/28,报警
363,LSVUZ60T5K2014839,2020/06/05,2020/06/10,2020/06/11,报警
364,LSVUZ60T5K2015361,2020/06/10,2020/06/15,2020/06/16,报警
365,LSVUZ60T5K2016364,2020/06/17,2020/06/22,2020/06/23,报警
366,LSVUZ60T5K2017126,2020/06/16,2020/06/21,2020/06/22,报警
367,LSVUZ60T5K2021175,2020/06/07,2020/06/12,2020/06/13,报警
368,LSVUZ60T6J2184867,2020/06/16,2020/06/21,2020/06/22,报警
369,LSVUZ60T6J2189129,2020/06/20,2020/06/25,2020/06/26,报警
370,LSVUZ60T6J2191947,2020/06/01,2020/06/06,2020/06/07,报警
371,LSVUZ60T6J2192287,2020/06/12,2020/06/17,2020/06/18,报警
372,LSVUZ60T6J2193276,2020/06/06,2020/06/11,2020/06/12,报警
373,LSVUZ60T6J2193844,2020/06/07,2020/06/12,2020/06/13,报警
374,LSVUZ60T6J2194363,2020/06/22,2020/06/27,2020/06/28,报警
375,LSVUZ60T6J2195707,2020/06/04,2020/06/09,2020/06/10,报警
376,LSVUZ60T6J2196078,2020/06/03,2020/06/08,2020/06/09,报警
377,LSVUZ60T6J2197540,2020/06/24,2020/06/29,2020/06/30,报警
378,LSVUZ60T6J2201358,2020/06/04,2020/06/09,2020/06/10,报警
379,LSVUZ60T6J2202591,2020/06/06,2020/06/11,2020/06/12,报警
380,LSVUZ60T6J2202932,2020/06/13,2020/06/18,2020/06/19,报警
381,LSVUZ60T6J2208441,2020/06/13,2020/06/18,2020/06/19,报警
382,LSVUZ60T6J2211906,2020/06/06,2020/06/11,2020/06/12,报警
383,LSVUZ60T6J2212523,2020/06/06,2020/06/11,2020/06/12,报警
384,LSVUZ60T6J2212585,2020/06/01,2020/06/06,2020/06/07,报警
385,LSVUZ60T6J2214465,2020/06/17,2020/06/22,2020/06/23,报警
386,LSVUZ60T6J2215017,2020/06/09,2020/06/14,2020/06/15,报警
387,LSVUZ60T6J2216457,2020/06/02,2020/06/07,2020/06/08,报警
388,LSVUZ60T6J2218452,2020/06/06,2020/06/11,2020/06/12,报警
389,LSVUZ60T6J2219701,2020/06/19,2020/06/24,2020/06/25,报警
390,LSVUZ60T6J2221948,2020/06/11,2020/06/16,2020/06/17,报警
391,LSVUZ60T6J2223408,2020/06/10,2020/06/15,2020/06/16,报警
392,LSVUZ60T6J2223408,2020/06/15,2020/06/20,2020/06/21,报警
393,LSVUZ60T6J2223506,2020/06/07,2020/06/12,2020/06/13,报警
394,LSVUZ60T6J2223862,2020/06/02,2020/06/07,2020/06/08,报警
395,LSVUZ60T6J2224929,2020/06/21,2020/06/26,2020/06/27,报警
396,LSVUZ60T6J2225630,2020/06/10,2020/06/15,2020/06/16,报警
397,LSVUZ60T6J2225806,2020/06/14,2020/06/19,2020/06/20,报警
398,LSVUZ60T6J2225871,2020/06/19,2020/06/24,2020/06/25,报警
399,LSVUZ60T6J2227037,2020/06/19,2020/06/24,2020/06/25,报警
400,LSVUZ60T6J2227443,2020/06/18,2020/06/23,2020/06/24,报警
401,LSVUZ60T6J2227619,2020/06/02,2020/06/07,2020/06/08,报警
402,LSVUZ60T6J2227684,2020/06/11,2020/06/16,2020/06/17,报警
403,LSVUZ60T6J2230505,2020/06/07,2020/06/12,2020/06/13,报警
404,LSVUZ60T6J2230584,2020/06/11,2020/06/16,2020/06/17,报警
405,LSVUZ60T6J2230892,2020/06/05,2020/06/10,2020/06/11,报警
406,LSVUZ60T6J2231105,2020/06/18,2020/06/23,2020/06/24,报警
407,LSVUZ60T6J2231749,2020/06/15,2020/06/20,2020/06/21,报警
408,LSVUZ60T6J2233243,2020/06/03,2020/06/08,2020/06/09,报警
409,LSVUZ60T6J2233243,2020/06/12,2020/06/17,2020/06/18,报警
410,LSVUZ60T6J2233243,2020/06/16,2020/06/21,2020/06/22,报警
411,LSVUZ60T6J2233758,2020/06/04,2020/06/09,2020/06/10,报警
412,LSVUZ60T6J2234134,2020/06/08,2020/06/13,2020/06/14,报警
413,LSVUZ60T6J2234618,2020/06/16,2020/06/21,2020/06/22,报警
414,LSVUZ60T6J2237132,2020/06/18,2020/06/23,2020/06/24,报警
415,LSVUZ60T6J2237227,2020/06/19,2020/06/24,2020/06/25,报警
416,LSVUZ60T6J2237504,2020/06/12,2020/06/17,2020/06/18,报警
417,LSVUZ60T6J2237695,2020/06/15,2020/06/20,2020/06/21,报警
418,LSVUZ60T6J2238183,2020/06/17,2020/06/22,2020/06/23,报警
419,LSVUZ60T6J2238281,2020/06/04,2020/06/09,2020/06/10,报警
420,LSVUZ60T6J2238538,2020/06/14,2020/06/19,2020/06/20,报警
421,LSVUZ60T6J2238880,2020/06/15,2020/06/20,2020/06/21,报警
422,LSVUZ60T6J2239334,2020/06/23,2020/06/28,2020/06/29,报警
423,LSVUZ60T6J2241214,2020/06/20,2020/06/25,2020/06/26,报警
424,LSVUZ60T6J2241245,2020/06/13,2020/06/18,2020/06/19,报警
425,LSVUZ60T6J2241424,2020/06/11,2020/06/16,2020/06/17,报警
426,LSVUZ60T6K2010055,2020/06/17,2020/06/22,2020/06/23,报警
427,LSVUZ60T6K2011755,2020/06/06,2020/06/11,2020/06/12,报警
428,LSVUZ60T6K2012131,2020/06/05,2020/06/10,2020/06/11,报警
429,LSVUZ60T6K2013215,2020/06/13,2020/06/18,2020/06/19,报警
430,LSVUZ60T6K2013957,2020/06/24,2020/06/29,2020/06/30,报警
431,LSVUZ60T6K2015160,2020/06/01,2020/06/06,2020/06/07,报警
432,LSVUZ60T6K2015272,2020/06/23,2020/06/28,2020/06/29,报警
433,LSVUZ60T6K2016356,2020/06/21,2020/06/26,2020/06/27,报警
434,LSVUZ60T6K2016907,2020/06/05,2020/06/10,2020/06/11,报警
435,LSVUZ60T6K2020049,2020/06/14,2020/06/19,2020/06/20,报警
436,LSVUZ60T7J2191178,2020/06/23,2020/06/28,2020/06/29,报警
437,LSVUZ60T7J2200283,2020/06/07,2020/06/12,2020/06/13,报警
438,LSVUZ60T7J2202194,2020/06/22,2020/06/27,2020/06/28,报警
439,LSVUZ60T7J2202390,2020/06/21,2020/06/26,2020/06/27,报警
440,LSVUZ60T7J2208948,2020/06/24,2020/06/29,2020/06/30,报警
441,LSVUZ60T7J2210912,2020/06/06,2020/06/11,2020/06/12,报警
442,LSVUZ60T7J2211106,2020/06/10,2020/06/15,2020/06/16,报警
443,LSVUZ60T7J2212465,2020/06/07,2020/06/12,2020/06/13,报警
444,LSVUZ60T7J2212515,2020/06/04,2020/06/09,2020/06/10,报警
445,LSVUZ60T7J2214085,2020/06/06,2020/06/11,2020/06/12,报警
446,LSVUZ60T7J2218606,2020/06/07,2020/06/12,2020/06/13,报警
447,LSVUZ60T7J2218847,2020/06/18,2020/06/23,2020/06/24,报警
448,LSVUZ60T7J2219657,2020/06/10,2020/06/15,2020/06/16,报警
449,LSVUZ60T7J2220257,2020/06/01,2020/06/06,2020/06/07,报警
450,LSVUZ60T7J2220307,2020/06/05,2020/06/10,2020/06/11,报警
451,LSVUZ60T7J2220307,2020/06/19,2020/06/24,2020/06/25,报警
452,LSVUZ60T7J2220307,2020/06/23,2020/06/28,2020/06/29,报警
453,LSVUZ60T7J2220517,2020/06/19,2020/06/24,2020/06/25,报警
454,LSVUZ60T7J2220968,2020/06/19,2020/06/24,2020/06/25,报警
455,LSVUZ60T7J2222901,2020/06/12,2020/06/17,2020/06/18,报警
456,LSVUZ60T7J2223658,2020/06/09,2020/06/14,2020/06/15,报警
457,LSVUZ60T7J2224101,2020/06/24,2020/06/29,2020/06/30,报警
458,LSVUZ60T7J2224938,2020/06/09,2020/06/14,2020/06/15,报警
459,LSVUZ60T7J2225958,2020/06/03,2020/06/08,2020/06/09,报警
460,LSVUZ60T7J2226110,2020/06/08,2020/06/13,2020/06/14,报警
461,LSVUZ60T7J2228388,2020/06/23,2020/06/28,2020/06/29,报警
462,LSVUZ60T7J2229413,2020/06/10,2020/06/15,2020/06/16,报警
463,LSVUZ60T7J2229847,2020/06/15,2020/06/20,2020/06/21,报警
464,LSVUZ60T7J2229976,2020/06/21,2020/06/26,2020/06/27,报警
465,LSVUZ60T7J2230884,2020/06/15,2020/06/20,2020/06/21,报警
466,LSVUZ60T7J2231176,2020/06/05,2020/06/10,2020/06/11,报警
467,LSVUZ60T7J2231579,2020/06/08,2020/06/13,2020/06/14,报警
468,LSVUZ60T7J2232148,2020/06/05,2020/06/10,2020/06/11,报警
469,LSVUZ60T7J2233624,2020/06/14,2020/06/19,2020/06/20,报警
470,LSVUZ60T7J2234112,2020/06/08,2020/06/13,2020/06/14,报警
471,LSVUZ60T7J2234501,2020/06/17,2020/06/22,2020/06/23,报警
472,LSVUZ60T7J2234773,2020/06/17,2020/06/22,2020/06/23,报警
473,LSVUZ60T7J2236250,2020/06/24,2020/06/29,2020/06/30,报警
474,LSVUZ60T7J2236331,2020/06/09,2020/06/14,2020/06/15,报警
475,LSVUZ60T7J2238158,2020/06/23,2020/06/28,2020/06/29,报警
476,LSVUZ60T7J2239360,2020/06/15,2020/06/20,2020/06/21,报警
477,LSVUZ60T7J2239360,2020/06/22,2020/06/27,2020/06/28,报警
478,LSVUZ60T7J2239844,2020/06/22,2020/06/27,2020/06/28,报警
479,LSVUZ60T7J2240167,2020/06/21,2020/06/26,2020/06/27,报警
480,LSVUZ60T7J2240993,2020/06/09,2020/06/14,2020/06/15,报警
481,LSVUZ60T7J2242999,2020/06/21,2020/06/26,2020/06/27,报警
482,LSVUZ60T7J2244588,2020/06/17,2020/06/22,2020/06/23,报警
483,LSVUZ60T7K2012459,2020/06/17,2020/06/22,2020/06/23,报警
484,LSVUZ60T7K2013014,2020/06/13,2020/06/18,2020/06/19,报警
485,LSVUZ60T7K2014745,2020/06/11,2020/06/16,2020/06/17,报警
486,LSVUZ60T7K2016916,2020/06/16,2020/06/21,2020/06/22,报警
487,LSVUZ60T7K2022585,2020/06/13,2020/06/18,2020/06/19,报警
488,LSVUZ60T8J2181386,2020/06/01,2020/06/06,2020/06/07,报警
489,LSVUZ60T8J2195675,2020/06/21,2020/06/26,2020/06/27,报警
490,LSVUZ60T8J2201524,2020/06/16,2020/06/21,2020/06/22,报警
491,LSVUZ60T8J2210420,2020/06/15,2020/06/20,2020/06/21,报警
492,LSVUZ60T8J2212541,2020/06/06,2020/06/11,2020/06/12,报警
493,LSVUZ60T8J2212541,2020/06/11,2020/06/16,2020/06/17,报警
494,LSVUZ60T8J2214371,2020/06/08,2020/06/13,2020/06/14,报警
495,LSVUZ60T8J2217819,2020/06/15,2020/06/20,2020/06/21,报警
496,LSVUZ60T8J2220641,2020/06/23,2020/06/28,2020/06/29,报警
497,LSVUZ60T8J2221675,2020/06/17,2020/06/22,2020/06/23,报警
498,LSVUZ60T8J2221790,2020/06/18,2020/06/23,2020/06/24,报警
499,LSVUZ60T8J2223121,2020/06/09,2020/06/14,2020/06/15,报警
500,LSVUZ60T8J2223572,2020/06/12,2020/06/17,2020/06/18,报警
501,LSVUZ60T8J2223720,2020/06/16,2020/06/21,2020/06/22,报警
502,LSVUZ60T8J2224074,2020/06/02,2020/06/07,2020/06/08,报警
503,LSVUZ60T8J2224589,2020/06/18,2020/06/23,2020/06/24,报警
504,LSVUZ60T8J2224754,2020/06/12,2020/06/17,2020/06/18,报警
505,LSVUZ60T8J2224771,2020/06/02,2020/06/07,2020/06/08,报警
506,LSVUZ60T8J2226018,2020/06/21,2020/06/26,2020/06/27,报警
507,LSVUZ60T8J2226553,2020/06/17,2020/06/22,2020/06/23,报警
508,LSVUZ60T8J2230523,2020/06/19,2020/06/24,2020/06/25,报警
509,LSVUZ60T8J2231025,2020/06/03,2020/06/08,2020/06/09,报警
510,LSVUZ60T8J2231154,2020/06/03,2020/06/08,2020/06/09,报警
511,LSVUZ60T8J2231462,2020/06/02,2020/06/07,2020/06/08,报警
512,LSVUZ60T8J2232627,2020/06/11,2020/06/16,2020/06/17,报警
513,LSVUZ60T8J2233342,2020/06/08,2020/06/13,2020/06/14,报警
514,LSVUZ60T8J2233583,2020/06/03,2020/06/08,2020/06/09,报警
515,LSVUZ60T8J2234748,2020/06/22,2020/06/27,2020/06/28,报警
516,LSVUZ60T8J2235396,2020/06/11,2020/06/16,2020/06/17,报警
517,LSVUZ60T8J2235527,2020/06/09,2020/06/14,2020/06/15,报警
518,LSVUZ60T8J2235561,2020/06/04,2020/06/09,2020/06/10,报警
519,LSVUZ60T8J2238458,2020/06/22,2020/06/27,2020/06/28,报警
520,LSVUZ60T8J2239349,2020/06/22,2020/06/27,2020/06/28,报警
521,LSVUZ60T8J2239870,2020/06/04,2020/06/09,2020/06/10,报警
522,LSVUZ60T8J2240355,2020/06/08,2020/06/13,2020/06/14,报警
523,LSVUZ60T8J2244907,2020/06/10,2020/06/15,2020/06/16,报警
524,LSVUZ60T8K2010025,2020/06/11,2020/06/16,2020/06/17,报警
525,LSVUZ60T8K2010493,2020/06/16,2020/06/21,2020/06/22,报警
526,LSVUZ60T8K2011126,2020/06/10,2020/06/15,2020/06/16,报警
527,LSVUZ60T8K2011837,2020/06/08,2020/06/13,2020/06/14,报警
528,LSVUZ60T8K2011868,2020/06/01,2020/06/06,2020/06/07,报警
529,LSVUZ60T8K2012678,2020/06/06,2020/06/11,2020/06/12,报警
530,LSVUZ60T8K2016875,2020/06/17,2020/06/22,2020/06/23,报警
531,LSVUZ60T8K2021140,2020/06/12,2020/06/17,2020/06/18,报警
532,LSVUZ60T8K2025060,2020/06/09,2020/06/14,2020/06/15,报警
533,LSVUZ60T8K2038276,2020/06/05,2020/06/10,2020/06/11,报警
534,LSVUZ60T9J2194471,2020/06/01,2020/06/06,2020/06/07,报警
535,LSVUZ60T9J2210460,2020/06/02,2020/06/07,2020/06/08,报警
536,LSVUZ60T9J2210541,2020/06/09,2020/06/14,2020/06/15,报警
537,LSVUZ60T9J2211057,2020/06/05,2020/06/10,2020/06/11,报警
538,LSVUZ60T9J2211219,2020/06/10,2020/06/15,2020/06/16,报警
539,LSVUZ60T9J2211575,2020/06/05,2020/06/10,2020/06/11,报警
540,LSVUZ60T9J2211589,2020/06/13,2020/06/18,2020/06/19,报警
541,LSVUZ60T9J2211723,2020/06/12,2020/06/17,2020/06/18,报警
542,LSVUZ60T9J2211849,2020/06/13,2020/06/18,2020/06/19,报警
543,LSVUZ60T9J2212371,2020/06/02,2020/06/07,2020/06/08,报警
544,LSVUZ60T9J2213004,2020/06/07,2020/06/12,2020/06/13,报警
545,LSVUZ60T9J2213276,2020/06/16,2020/06/21,2020/06/22,报警
546,LSVUZ60T9J2214427,2020/06/07,2020/06/12,2020/06/13,报警
547,LSVUZ60T9J2218302,2020/06/07,2020/06/12,2020/06/13,报警
548,LSVUZ60T9J2218820,2020/06/10,2020/06/15,2020/06/16,报警
549,LSVUZ60T9J2219207,2020/06/11,2020/06/16,2020/06/17,报警
550,LSVUZ60T9J2219417,2020/06/15,2020/06/20,2020/06/21,报警
551,LSVUZ60T9J2220650,2020/06/13,2020/06/18,2020/06/19,报警
552,LSVUZ60T9J2223144,2020/06/12,2020/06/17,2020/06/18,报警
553,LSVUZ60T9J2223452,2020/06/03,2020/06/08,2020/06/09,报警
554,LSVUZ60T9J2223600,2020/06/04,2020/06/09,2020/06/10,报警
555,LSVUZ60T9J2223936,2020/06/12,2020/06/17,2020/06/18,报警
556,LSVUZ60T9J2225301,2020/06/21,2020/06/26,2020/06/27,报警
557,LSVUZ60T9J2226691,2020/06/07,2020/06/12,2020/06/13,报警
558,LSVUZ60T9J2226738,2020/06/19,2020/06/24,2020/06/25,报警
559,LSVUZ60T9J2226898,2020/06/12,2020/06/17,2020/06/18,报警
560,LSVUZ60T9J2226996,2020/06/18,2020/06/23,2020/06/24,报警
561,LSVUZ60T9J2227307,2020/06/18,2020/06/23,2020/06/24,报警
562,LSVUZ60T9J2229235,2020/06/24,2020/06/29,2020/06/30,报警
563,LSVUZ60T9J2229851,2020/06/09,2020/06/14,2020/06/15,报警
564,LSVUZ60T9J2232572,2020/06/07,2020/06/12,2020/06/13,报警
565,LSVUZ60T9J2233012,2020/06/18,2020/06/23,2020/06/24,报警
566,LSVUZ60T9J2235682,2020/06/06,2020/06/11,2020/06/12,报警
567,LSVUZ60T9J2235682,2020/06/20,2020/06/25,2020/06/26,报警
568,LSVUZ60T9J2236198,2020/06/15,2020/06/20,2020/06/21,报警
569,LSVUZ60T9J2236959,2020/06/02,2020/06/07,2020/06/08,报警
570,LSVUZ60T9J2237108,2020/06/13,2020/06/18,2020/06/19,报警
571,LSVUZ60T9J2237822,2020/06/10,2020/06/15,2020/06/16,报警
572,LSVUZ60T9J2237920,2020/06/03,2020/06/08,2020/06/09,报警
573,LSVUZ60T9J2239909,2020/06/17,2020/06/22,2020/06/23,报警
574,LSVUZ60T9J2240171,2020/06/18,2020/06/23,2020/06/24,报警
575,LSVUZ60T9J2241451,2020/06/02,2020/06/07,2020/06/08,报警
576,LSVUZ60T9J2241708,2020/06/18,2020/06/23,2020/06/24,报警
577,LSVUZ60T9J2243538,2020/06/20,2020/06/25,2020/06/26,报警
578,LSVUZ60T9K2010275,2020/06/13,2020/06/18,2020/06/19,报警
579,LSVUZ60T9K2011331,2020/06/19,2020/06/24,2020/06/25,报警
580,LSVUZ60TXJ2181907,2020/06/22,2020/06/27,2020/06/28,报警
581,LSVUZ60TXJ2196505,2020/06/16,2020/06/21,2020/06/22,报警
582,LSVUZ60TXJ2198559,2020/06/01,2020/06/06,2020/06/07,报警
583,LSVUZ60TXJ2199999,2020/06/23,2020/06/28,2020/06/29,报警
584,LSVUZ60TXJ2208863,2020/06/23,2020/06/28,2020/06/29,报警
585,LSVUZ60TXJ2209298,2020/06/13,2020/06/18,2020/06/19,报警
586,LSVUZ60TXJ2210855,2020/06/04,2020/06/09,2020/06/10,报警
587,LSVUZ60TXJ2211083,2020/06/20,2020/06/25,2020/06/26,报警
588,LSVUZ60TXJ2212394,2020/06/19,2020/06/24,2020/06/25,报警
589,LSVUZ60TXJ2212637,2020/06/23,2020/06/28,2020/06/29,报警
590,LSVUZ60TXJ2213450,2020/06/24,2020/06/29,2020/06/30,报警
591,LSVUZ60TXJ2213464,2020/06/02,2020/06/07,2020/06/08,报警
592,LSVUZ60TXJ2213884,2020/06/09,2020/06/14,2020/06/15,报警
593,LSVUZ60TXJ2214274,2020/06/24,2020/06/29,2020/06/30,报警
594,LSVUZ60TXJ2214758,2020/06/11,2020/06/16,2020/06/17,报警
595,LSVUZ60TXJ2215862,2020/06/08,2020/06/13,2020/06/14,报警
596,LSVUZ60TXJ2217174,2020/06/17,2020/06/22,2020/06/23,报警
597,LSVUZ60TXJ2218633,2020/06/23,2020/06/28,2020/06/29,报警
598,LSVUZ60TXJ2222942,2020/06/14,2020/06/19,2020/06/20,报警
599,LSVUZ60TXJ2223038,2020/06/10,2020/06/15,2020/06/16,报警
600,LSVUZ60TXJ2224934,2020/06/21,2020/06/26,2020/06/27,报警
601,LSVUZ60TXJ2225615,2020/06/02,2020/06/07,2020/06/08,报警
602,LSVUZ60TXJ2225615,2020/06/03,2020/06/08,2020/06/09,报警
603,LSVUZ60TXJ2226389,2020/06/18,2020/06/23,2020/06/24,报警
604,LSVUZ60TXJ2227395,2020/06/22,2020/06/27,2020/06/28,报警
605,LSVUZ60TXJ2227767,2020/06/08,2020/06/13,2020/06/14,报警
606,LSVUZ60TXJ2227879,2020/06/02,2020/06/07,2020/06/08,报警
607,LSVUZ60TXJ2227946,2020/06/14,2020/06/19,2020/06/20,报警
608,LSVUZ60TXJ2229146,2020/06/19,2020/06/24,2020/06/25,报警
609,LSVUZ60TXJ2229289,2020/06/01,2020/06/06,2020/06/07,报警
610,LSVUZ60TXJ2229289,2020/06/17,2020/06/22,2020/06/23,报警
611,LSVUZ60TXJ2231107,2020/06/03,2020/06/08,2020/06/09,报警
612,LSVUZ60TXJ2232550,2020/06/07,2020/06/12,2020/06/13,报警
613,LSVUZ60TXJ2232760,2020/06/09,2020/06/14,2020/06/15,报警
614,LSVUZ60TXJ2233021,2020/06/23,2020/06/28,2020/06/29,报警
615,LSVUZ60TXJ2234864,2020/06/08,2020/06/13,2020/06/14,报警
616,LSVUZ60TXJ2235092,2020/06/08,2020/06/13,2020/06/14,报警
617,LSVUZ60TXJ2235500,2020/06/23,2020/06/28,2020/06/29,报警
618,LSVUZ60TXJ2235884,2020/06/01,2020/06/06,2020/06/07,报警
619,LSVUZ60TXJ2236498,2020/06/22,2020/06/27,2020/06/28,报警
620,LSVUZ60TXJ2237733,2020/06/24,2020/06/29,2020/06/30,报警
621,LSVUZ60TXJ2237800,2020/06/21,2020/06/26,2020/06/27,报警
622,LSVUZ60TXJ2238798,2020/06/10,2020/06/15,2020/06/16,报警
623,LSVUZ60TXJ2240566,2020/06/01,2020/06/06,2020/06/07,报警
624,LSVUZ60TXJ2241183,2020/06/19,2020/06/24,2020/06/25,报警
625,LSVUZ60TXJ2241183,2020/06/21,2020/06/26,2020/06/27,报警
626,LSVUZ60TXJ2241586,2020/06/06,2020/06/11,2020/06/12,报警
627,LSVUZ60TXJ2242415,2020/06/06,2020/06/11,2020/06/12,报警
628,LSVUZ60TXK2010589,2020/06/21,2020/06/26,2020/06/27,报警
629,LSVUZ60TXK2013069,2020/06/17,2020/06/22,2020/06/23,报警
630,LSVUZ60TXK2015565,2020/06/02,2020/06/07,2020/06/08,报警
631,LSVUZ60TXK2017252,2020/06/05,2020/06/10,2020/06/11,报警
632,LSVUZ60TXK2017252,2020/06/14,2020/06/19,2020/06/20,报警
633,LSVUZ60TXK2022855,2020/06/03,2020/06/08,2020/06/09,报警
